<?xml version="1.0" encoding="UTF-8"?>
<project-private xmlns="http://www.netbeans.org/ns/project-private/1">
    <editor-bookmarks xmlns="http://www.netbeans.org/ns/editor-bookmarks/2" lastBookmarkId="0"/>
    <open-files xmlns="http://www.netbeans.org/ns/projectui-open-files/2">
        <group>
            <file>file:/C:/Users/Alex/Desktop/IES%20campanillas/DAM%202/Desarrollo%20de%20Interfaces/CositaCreada/src/cositacreada/EmailJTextField.java</file>
            <file>file:/C:/Users/Alex/Desktop/IES%20campanillas/DAM%202/Desarrollo%20de%20Interfaces/CositaCreada/src/cositacreada/wuwu.java</file>
        </group>
    </open-files>
</project-private>
